Palabra,Cantidad
datos,45
años,41
investigadores,33
científicos,32
estudios,24
suelo,23
rwd,21
estudio,21
foto,20
expertos,20
emisiones,20
millones,19
equipo,19
mundo,18
universidad,18
plantas,17
lunar,17
han,17
fda,16
grupo,16
hace,15
isla,15
agujero,15
negro,15
está,15
rwe,14
dijo,13
luna,13
gases,13
parte,13
gas,13
salud,13
además,13
*,12
investigación,12
pulpo,12
nacional,12
cambio,11
investigador,11
decepción,11
instituto,11
siglo,11
imagen,11
fósiles,11
restos,11
trabajo,11
gran,11
eht,11
cómo,10
pueden,10
fueron,10
evidencia,10
eran,10
desarrollo,10
forma,10
mayo,10
centro,10
clínicos,10
sido,9
encuentra,9
después,9
atlántico,9
océano,9
mayor,9
actividad,9
sagitario,9
generación,9
mucho,9
mientras,9
resultados,9
fuentes,9
agencia,9
mundial,9
galaxia,9
manera,9
uso,9
argentinos,8
base,8
temperatura,8
argentina,8
lugar,8
hormonas,8
onicet,8
real,8
agua,8
bien,8
señalaron,8
análisis,8
hacer,8
ahora,8
invernadero,8
efecto,8
planeta,8
emisión,8
científica,8
energía,8
gtm,8
méxico,8
combustibles,8
muerte,8
dentro,8
varios,8
carbono,8
deben,8
primera,7
tiene,7
menos,7
información,7
puede,7
trata,7
términos,7
ayudar,7
continente,7
ensayos,7
red,7
uras,7
herramientas,7
todos,7
completamente,7
ley,7
nivel,7
investigaciones,7
respecto,7
regulatorias,7
donde,7
calentamiento,7
veces,7
personas,7
están,7
climático,7
dejar,7
ufifas,7
tiempo,7
misiones,7
dióxido,7
vez,7
metano,7
tierra,6
países,6
características,6
hembra,6
encuentran,6
punto,6
decisiones,6
tratamiento,6
tyler,6
ip,6
alimentos,6
climática,6
energías,6
pandemia,6
vía,6
pulpos,6
volcán,6
aumento,6
orientación,6
intervención,6
niveles,6
hecho,6
autores,6
erupciones,6
días,6
papel,6
observacionales,6
diseño,6
antártida,6
tamaño,5
imágenes,5
ea,5
animales,5
nueva,5
mitigación,5
luz,5
apuntan,5
hallazgo,5
varias,5
rocas,5
caer,5
estados,5
unidos,5
obtener,5
ciudades,5
importante,5
argentino,5
solar,5
calidad,5
global,5
registros,5
cultivar,5
observaciones,5
embargo,5
material,5
registro,5
astronautas,5
espacio,5
acuerdo,5
industrias,5
paso,5
ientíficos,5
transporte,5
tienen,5
importancia,5
programa,5
catástrofe,5
antepasado,5
aplicación,5
aspectos,5
podrían,5
revista,5
sur,5
fondo,5
dinosaurio,5
verano,5
microcontinentes,5
comprender,5
apareamiento,5
mitad,5
oniet,5
primer,5
lucas,5
óptica,5
cultivo,5
mariano,5
cinodontes,5
tessellatia,5
bebé,5
arabidopsis,5
cero,5
partir,5
panel,5
general,5
informe,5
tipo,5
dijeron,5
iencias,5
colesterol,4
problemas,4
molecular,4
efectos,4
últimos,4
vías,4
encontrado,4
órgano,4
españa,4
medida,4
comienzan,4
moléculas,4
caso,4
cambios,4
antes,4
relevancia,4
telescopio,4
hallaron,4
aleatorización,4
reutersallison,4
incluyen,4
estándares,4
consideraciones,4
tecnologías,4
antártico,4
señales,4
permitan,4
volcánicos,4
pablo,4
próximos,4
sucede,4
último,4
mamífero,4
m,4
parque,4
talampaya,4
formación,4
olorados,4
vivió,4
bonaparte,4
acciones,4
decir,4
humanidad,4
naciones,4
suman,4
recalcaron,4
conviertan,4
eólica,4
métodos,4
oportunidades,4
beneficios,4
políticas,4
cuya,4
afirmó,4
explicó,4
pesar,4
cerca,4
científico,4
radio,4
observatorios,4
grande,4
realizar,4
dr,4
descubrimiento,4
gracias,4
podría,4
smsl,4
murieron,4
bhe,4
harrington,4
sids,4
convencidos,4
fragmento,4
desmembrado,4
sumergidos,4
descubierto,4
largo,4
cuenta,4
búsqueda,4
ciencia,4
productos,4
tenemos,4
conceptos,4
aprovechar,4
impacto,4
ver,4
mejorar,4
historia,4
objetivo,4
florida,4
plantar,4
poco,4
especie,4
finalmente,4
muestras,4
pasado,4
futuro,4
nasa,4
espaciales,4
ferl,4
vida,4
factores,4
bajo,4
grandes,4
sistema,4
volcánica,4
aparentemente,3
esfuerzos,3
compensará,3
tales,3
doctor,3
nunca,3
oficina,3
baja,3
medicamentos,3
regolito,3
reducción,3
señaló,3
pacientes,3
generado,3
liberado,3
granadera,3
ganado,3
bovino,3
ovino,3
revelaron,3
fuera,3
vertederos,3
metodología,3
paul,3
ejemplo,3
médicos,3
tocan,3
particularmente,3
clínico,3
eeuu,3
crecer,3
rolando,3
afectan,3
brinda,3
contribuyen,3
explorar,3
similares,3
sexuales,3
estadísticos,3
establecer,3
reducir,3
próximo,3
protocolo,3
generan,3
ciencias,3
glándula,3
pequeño,3
siembra,3
conlleva,3
deforestación,3
paleontólogos,3
aranciaga,3
apuntar,3
disminución,3
macrothorax,3
maip,3
sectores,3
abril,3
mismos,3
realidad,3
hallazgos,3
disponibilidad,3
sólidos,3
granjas,3
ganadera,3
xxi,3
rioja,3
nuevos,3
avanzar,3
fundamental,3
podemos,3
sorprende,3
aceleración,3
respuestas,3
estrés,3
incluye,3
dietas,3
apolo,3
puedan,3
claves,3
marcador,3
deberían,3
alrededor,3
sea,3
recientemente,3
analizar,3
renovables,3
última,3
claro,3
muchas,3
estado,3
suficiente,3
único,3
era,3
consecuencias,3
creó,3
permite,3
medidas,3
aplicar,3
york,3
new,3
posible,3
reuters,3
recolectó,3
usar,3
lugares,3
loinard,3
ugr,3
circones,3
atlántida,3
tomografías,3
fernando,3
utilizando,3
astrofísica,3
explicado,3
hacen,3
láctea,3
ambiente,3
scientific,3
cráneo,3
entral,3
superficie,3
matriz,3
región,3
energética,3
propulsión,3
usado,3
bebés,3
bajos,3
central,3
ofrecen,3
existieron,3
señala,3
elementos,3
determinar,3
leyenda,3
participación,3
activa,3
aquí,3
techo,3
ruz,3
sólidas,3
lara,3
lamberti,3
alineadas,3
forte,3
diferentes,3
sistemas,3
adriana,3
cuerpo,3
ariza,3
santa,3
oxígeno,3
español,3
expectativas,3
describa,3
respaldados,3
ajusten,3
documento,3
décadas,3
precios,3
cayeron,3
recomendaciones,3
redujeron,3
proceso,3
electrónicos,3
comprometida,3
agusto,3
sigue,3
alimento,3
principal,3
puntas,3
apoyo,3
mordiéndose,3
piel,3
arrancándose,3
automutilarse,3
había,3
comienza,3
comer,3
estaba,3
botón,3
autodestrucción,3
criaturas,3
deja,3
huevos,3
aprobación,3
pone,3
oportunidad,3
descubrieron,3
parece,3
ovid,3
nuevo,3
desafíos,3
cuestión,3
uba,3
espacios,3
sabemos,3
buenos,3
día,3
transportes,3
semillas,3
volcanes,3
verdes,3
comportamiento,3
consideran,3
apollo,3
humanos,3
evaluando,3
intervencionistas,3
litio,3
baterías,3
albergan,3
fábricas,3
aires,3
mejor,3
acceso,3
geológicas,3
desplegar,2
enzima,2
reactivó,2
vulnerabilidad,2
filogenético,2
saber,2
construcción,2
despertarse,2
duerme,2
usan,2
árbol,2
capacidad,2
origen,2
mamíferos,2
iaa,2
causas,2
instancia,2
sano,2
limático,2
estaban,2
evitar,2
realización,2
midiendo,2
requirió,2
habían,2
agitación,2
identificar,2
romper,2
exposición,2
hidrofobicidad,2
humedecer,2
uniformemente,2
diez,2
muertes,2
rutinaria,2
registradas,2
necesario,2
condición,2
mediante,2
propio,2
consideró,2
activo,2
the,2
especial,2
basales,2
mosaico,2
clave,2
prevención,2
david,2
director,2
bioquímico,2
indicó,2
mascarenhasfile,2
sector,2
frenar,2
necesarios,2
activos,2
metodológicos,2
investigadoras,2
mala,2
renovable,2
desarrollar,2
cierto,2
permanece,2
camino,2
devastadores,2
retos,2
télam,2
histórico,2
restricciones,2
intergubernamental,2
establecidos,2
ambio,2
prevenir,2
acumulara,2
súbita,2
dónde,2
será,2
onayt,2
ubicación,2
prácticas,2
antártica,2
adopción,2
grados,2
futuras,2
avance,2
kilómetros,2
sufrir,2
reutersfrancis,2
tareas,2
riesgo,2
nacidos,2
recién,2
sangre,2
advierten,2
resultado,2
dicen,2
línea,2
cadena,2
recopilados,2
humana,2
provocaba,2
raptor,2
reutersnacho,2
familia,2
erróneos,2
reclamos,2
cuándo,2
photola,2
cambiado,2
superaban,2
kellyfile,2
detalle,2
reutersandrew,2
continúa,2
afirma,2
clínica,2
relevantes,2
bastión,2
toman,2
u,2
proporciona,2
basado,2
derivado,2
patrocinadores,2
sólo,2
realizado,2
variedad,2
paciente,2
definió,2
marco,2
contexto,2
conjunto,2
megaraptores,2
menor,2
proyectos,2
publicó,2
reconocer,2
actuales,2
describir,2
ocurre,2
percepciones,2
razones,2
seguimiento,2
ensayo,2
limitar,2
estructuras,2
ordillera,2
andes,2
contrario,2
incorporan,2
definición,2
segemar,2
realizando,2
comparación,2
hortícolas,2
participantes,2
característica,2
asignación,2
ayudaron,2
aleatorios,2
controlados,2
confusión,2
publicados,2
proporcionar,2
afirman,2
primarios,2
geológico,2
terrestre,2
válidos,2
colegas,2
allí,2
superior,2
triásico,2
pulmón,2
periodo,2
exploración,2
especies,2
thunder,2
despliegue,2
bay,2
national,2
marine,2
vegetales,2
fármacos,2
mineral,2
reemplazo,2
dorsal,2
eficacia,2
edades,2
establecido,2
paleontología,2
unidad,2
petróleo,2
suelos,2
xx,2
computadas,2
principios,2
permiten,2
repelían,2
hidrófobos,2
granada,2
encontrados,2
instalaciones,2
composición,2
der,2
analizados,2
pruebas,2
complicado,2
conocido,2
generar,2
técnicas,2
brindar,2
proyecto,2
flujo,2
soluciones,2
permanente,2
busca,2
reuterslodagh,2
trabajamos,2
paradigma,2
plasmadas,2
agricultura,2
tomados,2
investigadora,2
década,2
avances,2
volcanología,2
erupción,2
contó,2
aprobaciones,2
promulgada,2
genético,2
permitió,2
cuestiones,2
expresión,2
señalado,2
comparó,2
científicas,2
cámara,2
económicos,2
mar,2
autónoma,2
producción,2
aseguró,2
raymond,2
laurent,2
solución,2
aire,2
cercano,2
mil,2
precursores,2
ubicado,2
trastornos,2
pudiera,2
objeto,2
metabolismo,2
copresidente,2
aspecto,2
graves,2
skea,2
ofrece,2
jim,2
sustentables,2
integrante,2
debido,2
positivos,2
realizó,2
fotografiado,2
masa,2
meses,2
renovableslos,2
estructura,2
carbón,2
llamada,2
materiales,2
rodea,2
hipótesis,2
experimento,2
inaoe,2
electrónica,2
twitter,2
masivo,2
potencial,2
señalización,2
serrano,2
alfonso,2
milimétrico,2
país,2
wang,2
máxima,2
alimentación,2
casos,2
poner,2
jóvenes,2
modos,2
mesa,2
aseguran,2
primeras,2
conocimiento,2
alcanzar,2
unam,2
medio,2
etapas,2
crisis,2
ufifashandout,2
necesidad,2
insulina,2
determinaron,2
presiona,2
hembras,2
sean,2
allá,2
dice,2
contribuir,2
advirtieron,2
identificado,2
gasen,2
via,2
hoy,2
mañana,2
debe,2
comenzar,2
extrañamente,2
sugiere,2
estar,2
invertir,2
eventos,2
lava,2
olaboración,2
llamado,2
traído,2
supermasivo,2
atmósfera,2
laboratorio,2
billones,2
poder,2
juega,2
similar,2
cefalópodos,2
uando,2
prensa,2
conferencia,2
cabo,2
varía,2
edad,2
costos,2
observatorio,2
reutersborja,2
febrero,2
tenerife,2
particular,2
ieo,2
agujeros,2
negros,2
oceanografía,2
estanque,2
así,2
adecuado,2
misma,2
daños,2
lograron,2
pocos,2
sexual,2
situación,2
abordar,2
sería,2
meridith,2
kohutthe,2
mismo,2
tendría,2
devastadoras,2
estimaciones,2
tener,2
significa,2
pequeños,2
aguas,2
puntos,2
combustible,1
ricas,1
confección,1
recta,1
globalla,1
peteroa,1
globalsegún,1
neuquén,1
opahue,1
terreno,1
sumergido,1
habitualmente,1
gastan,1
trabaja,1
colabore,1
veranos,1
idean,1
nace,1
mendoza,1
organismos,1
on,1
disciplina,1
necesarias,1
ciudad,1
precauciones,1
tomamos,1
ubican,1
riegos,1
implica,1
limpias,1
ushuaia,1
fueguina,1
genera,1
neaquienes,1
vegetal,1
vigilancia,1
saludla,1
denominadas,1
gesva,1
deuda,1
marino,1
verdelas,1
mayores,1
formaciones,1
emergieron,1
islas,1
responsables,1
bridgeman,1
contacto,1
pingüino,1
decena,1
resto,1
entra,1
istockentre,1
magma,1
desarrollaron,1
vinculado,1
violentas,1
enérgicas,1
lado,1
formaron,1
anuales,1
dólares,1
estuvieron,1
refirieron,1
resaltó,1
indicóel,1
reactivación,1
futura,1
precursoras,1
creció,1
identificación,1
patrón,1
construir,1
fotovoltaica,1
permita,1
variaciones,1
estamos,1
sostenibles,1
generaron,1
electricidad,1
atmósferade,1
miguel,1
expandir,1
bianco,1
bosques,1
registropormiguel,1
agrícolas,1
capturen,1
descubren,1
abr,1
augustoel,1
neil,1
volcánicohidrotermal,1
augustoesta,1
geotérmicas,1
brindan,1
sumado,1
biancobuenos,1
aclararon,1
sosteniblesla,1
compensar,1
sudamericanosegún,1
gaslos,1
superan,1
dejado,1
cuentan,1
bautizado,1
mecanismos,1
residuales,1
banco,1
actividades,1
raptores,1
limpieza,1
perteneciente,1
diferente,1
dificultosa,1
descubrió,1
ganadería,1
mínima,1
foquerosballeneros,1
biologylas,1
corto,1
estabilizará,1
plazo,1
ordinario,1
ommunications,1
descubierta,1
esperamos,1
expedicionarios,1
neto,1
apunta,1
española,1
asimismo,1
sismológica,1
saludables,1
cerosituado,1
contamos,1
indiquen,1
emitiendo,1
afectar,1
destacó,1
volcanológico,1
promedio,1
eliminan,1
captación,1
emisores,1
anual,1
rápidos,1
especialista,1
alerta,1
profundos,1
demanda,1
absorbidos,1
facilitan,1
emitidos,1
agregópor,1
evacuados,1
tranquilas,1
existe,1
conoce,1
lunalograron,1
eléctricos,1
península,1
guerriero,1
expresamente,1
descarbonización,1
acción,1
inger,1
andersen,1
directora,1
ejecutiva,1
acompañado,1
unidas,1
conformado,1
estuvo,1
agustoel,1
celebró,1
marcado,1
abandonen,1
pardo,1
invitada,1
dejó,1
concentran,1
robert,1
abarcan,1
argentinas,1
antárticolas,1
onjunto,1
destacaron,1
omando,1
olombia,1
fuerzas,1
noroeste,1
logístico,1
pusieron,1
llevaron,1
vehículos,1
trabajos,1
volcanológicas,1
ambientelas,1
sustentableslas,1
propias,1
hogares,1
destruyeron,1
archipiélago,1
unido,1
reino,1
edificios,1
hile,1
shetland,1
caminables,1
iii,1
construyeron,1
estrecho,1
estableció,1
ippor,1
recordó,1
explicóal,1
eficientes,1
abandonaron,1
estudioseste,1
hincapié,1
sismológico,1
monitoreo,1
informepese,1
realiza,1
instaló,1
sustentablesotro,1
hicieron,1
dedicada,1
compactas,1
emplazamiento,1
utilizó,1
episodios,1
reutilización,1
consumo,1
responsable,1
islael,1
geoquímico,1
reciclaje,1
ballena,1
imposible,1
reducciones,1
volver,1
manto,1
nieve,1
inmediatas,1
abandonó,1
profundas,1
decepciónel,1
favorables,1
obtienen,1
emerge,1
estimar,1
hielo,1
fauna,1
urbe,1
asociada,1
explosión,1
violencia,1
siendo,1
sentido,1
comercialización,1
erupcionesel,1
istocklos,1
docente,1
thaliana,1
comportamientoa,1
brotan,1
ingleses,1
anteriores,1
noruegos,1
diálogo,1
investigarlo,1
xix,1
plantaron,1
reconocible,1
remarcó,1
complejo,1
entrar,1
particulares,1
mauro,1
población,1
respira,1
aceite,1
parada,1
turismo,1
registran,1
ambientales,1
atractivo,1
sostuvo,1
bransfield,1
evitablesuno,1
termales,1
flota,1
mitigar,1
fumarólicas,1
serio,1
obligada,1
experto,1
magmática,1
oms,1
alimentado,1
organización,1
toda,1
aclaró,1
residuos,1
guerrieroagusto,1
guerrierolos,1
caída,1
desarrolla,1
documentadas,1
″el,1
mencionólos,1
precio,1
zona,1
operan,1
cruceros,1
espera,1
man,1
germinar,1
ómo,1
defse,1
siempre,1
archivo,1
filogenias,1
momentánea,1
clasificación,1
provisoriase,1
afirmaron,1
defsin,1
cercana,1
modifique,1
basal,1
posición,1
ubicó,1
onicetaunque,1
onicetilustración,1
involucradasilustración,1
hidrocarburíferas,1
cantidad,1
incluidos,1
personasarchivo,1
actual,1
número,1
entender,1
extinguió,1
llegó,1
irreversible,1
dispersó,1
linaje,1
originó,1
provoque,1
siglos,1
abandonar,1
tratar,1
abdalaasimismo,1
biogeográfica,1
tajantes,1
dispersionesestudiar,1
diversificaciones,1
cuantitativo,1
relación,1
caído,1
biogeográfico,1
realizaron,1
taxones,1
comenzó,1
participó,1
pudieron,1
sugieren,1
hocico,1
craneanos,1
nervios,1
recorrido,1
dentario,1
modo,1
accesibles,1
hubieran,1
instrumentos,1
vibrisassegún,1
denticiónademás,1
mandíbula,1
subvenciones,1
anatomía,1
estudiar,1
usuales,1
reducirse,1
groeber,1
transición,1
presencia,1
informó,1
completo,1
ucrania,1
invasión,1
reports,1
publicada,1
fml,1
uel,1
lillo,1
ejecutora,1
abdala,1
rusia,1
clasificarlo,1
particularidades,1
vuelven,1
económicas,1
comenzaron,1
comunicadoeste,1
precisó,1
advierte,1
formas,1
eliminaran,1
dentición,1
federico,1
seoane,1
profundizarse,1
meta,1
establecía,1
vinculante,1
firma,1
encuentro,1
inundaciones,1
pautado,1
registra,1
huracanes,1
actualidad,1
verdesla,1
agota,1
fenómenos,1
climáticos,1
sustentable,1
extremos,1
secuelas,1
rocoso,1
analizaron,1
asegurada,1
podía,1
límite,1
sequías,1
trabajoel,1
cuáles,1
incógnitas,1
garantizadala,1
garantizadaistockla,1
sentenciaron,1
convierta,1
garantizada,1
istocksegún,1
alcanzan,1
dirige,1
brotaría,1
calor,1
finales,1
serían,1
pertenecientes,1
humanidaden,1
aso,1
megaincendios,1
volcarse,1
olas,1
duro,1
padecerá,1
parís,1
jonesel,1
novedad,1
comenzará,1
alentadora,1
tomemos,1
asegurar,1
mantenerse,1
habitable,1
sustentablesel,1
conocimientos,1
cultivado,1
alertó,1
desplazadas,1
hoesung,1
lee,1
presidente,1
entrados,1
antecesores,1
reconstruir,1
sudamericano,1
resalta,1
sexto,1
encrucijada,1
uáles,1
pasar,1
realizan,1
parámetros,1
seguir,1
inglés,1
siglas,1
múltiples,1
ecosistemas,1
extinción,1
aspectosnos,1
emitido,1
pregunta,1
marcó,1
ultimátum,1
sabor,1
frase,1
urtinuna,1
urtinla,1
obtuvo,1
respuesta,1
encontramos,1
don,1
andinos,1
gaetano,1
tuvieron,1
naturalesde,1
tercio,1
extremo,1
actualmente,1
habitó,1
carnívoro,1
naturalespara,1
casas,1
distribuirse,1
inicialmente,1
retácicolos,1
º,1
japonesespor,1
diana,1
participaron,1
expedición,1
dinosaurioen,1
responden,1
pertenecen,1
urgevorsatz,1
período,1
naturalesel,1
rematados,1
alargado,1
poderosos,1
brazos,1
arma,1
animalsu,1
peligrosa,1
elevar,1
extremidades,1
obstante,1
dientes,1
asegura,1
esqueleto,1
cuello,1
equilibrio,1
maniobrar,1
señalan,1
permitía,1
larga,1
cola,1
ágil,1
brotes,1
biológicamente,1
ientíficas,1
debería,1
cientos,1
liberación,1
pudimos,1
animal,1
metroseste,1
estiman,1
drástica,1
pertenece,1
extraer,1
medirán,1
miles,1
onsejo,1
toneladas,1
eliminación,1
metros,1
medía,1
imponente,1
rd,1
pie,1
necesaria,1
lograr,1
recuperar,1
montón,1
miércoles,1
hizo,1
observado,1
mejoraría,1
movimiento,1
severas,1
sanitaria,1
patagónica,1
provincia,1
marzo,1
airesmaip,1
capital,1
jonesuna,1
rivadavia,1
bernardino,1
naturales,1
problema,1
omás,1
museo,1
radicalmente,1
presentación,1
largos,1
cuchillas,1
persisten,1
activamente,1
remoción,1
dificultaba,1
huesos,1
fragilidad,1
través,1
fósil,1
estudiaron,1
promisorioslos,1
paleontológico,1
trabajando,1
mecánica,1
renovaron,1
hallado,1
reptiles,1
célebre,1
destacar,1
argentinaes,1
vertebrados,1
secretario,1
impulsores,1
roca,1
complicaba,1
garras,1
sistémicas,1
leandro,1
neutrones,1
x,1
rayos,1
operativos,1
tecnológicos,1
regulatorios,1
sociales,1
surgido,1
acomodar,1
internas,1
cuotas,1
energético,1
combinaron,1
mecánicas,1
tono,1
posicionó,1
antónio,1
analizadolas,1
guterres,1
josé,1
honor,1
hito,1
vasto,1
registrado,1
antiguo,1
ejemplar,1
cocodrilos,1
investigó,1
anunciados,1
descubiertos,1
prehistóricos,1
fértil,1
patagonia,1
nombre,1
reportsla,1
especializada,1
manel,1
referencia,1
haciendo,1
paleontólogo,1
centímetros,1
afiladas,1
curvadas,1
titanosaurio,1
éxito,1
añosocurrió,1
brotar,1
encontrada,1
bautizaron,1
reportslos,1
onu,1
cuyos,1
hora,1
quemar,1
probainognathio,1
correspondiente,1
encontraron,1
riojalos,1
afloramientos,1
onicetun,1
onicetla,1
espacialel,1
demostró,1
abundante,1
descenso,1
metanoel,1
hidropónico,1
regulatoriasun,1
comportamientode,1
tarda,1
fotográfica,1
seguidas,1
horas,1
recopilando,1
noches,1
observó,1
virtual,1
formar,1
combinados,1
fines,1
construidos,1
anteriormente,1
rosquilla,1
dona,1
utilizar,1
cielo,1
timesdebido,1
timespara,1
génica,1
segundopara,1
primero,1
minutos,1
órbita,1
completa,1
orbitar,1
tradicional,1
haría,1
largouno,1
telescopios,1
perciben,1
reveladas,1
onacytlas,1
onacytel,1
entorno,1
hughesel,1
continuó,1
final,1
estresante,1
importantes,1
aportar,1
públicos,1
puebla,1
entros,1
hughes,1
h,1
milímetro,1
onda,1
longitud,1
optimizado,1
diseñado,1
gustaría,1
plato,1
radiotelescopio,1
semanas,1
luz–,1
armstrong,1
rápido,1
capta,1
expuesto,1
anillo,1
brillante,1
rodeada,1
sombra,1
oscura,1
inequívoco,1
indicador,1
graduación,1
resplandeciente,1
cósmica,1
oscuro,1
viento,1
peor,1
ieniaunamde,1
ieniaunamel,1
pueblael,1
negra,1
sierra,1
expuestas,1
ubica,1
equipos,1
colabora,1
azteca,1
curvada,1
poderosa,1
gravedad,1
difícil,1
–casi,1
velocidad,1
mueve,1
proximidades,1
arizona,1
iencia,1
astronomía,1
departamento,1
steward,1
hikwan,1
cultivos,1
considerablemente,1
solpor,1
logro,1
puntualizóasimismo,1
analizarlo,1
tardamos,1
saludmientras,1
complica,1
dinámica,1
ambia,1
exterior,1
pequeña,1
detalló,1
talento,1
esfuerzo,1
instituciones,1
juntos,1
comunicado,1
esperanza,1
juego,1
reglas,1
cambian,1
entornolos,1
responder,1
dormido,1
reducirían,1
cerebro,1
activación,1
nacimiento,1
frente,1
butirilcolinesterasa,1
tenían,1
tragediasen,1
intervenciones,1
crea,1
estresantes,1
lactante,1
síndrome,1
detectar,1
identificó,1
australianos,1
lapidnueva,1
líder,1
doctora,1
armel,1
gotas,1
nervioso,1
disfunción,1
vulnerables,1
intrínsecamente,1
fueran,1
sobrevivientesel,1
luego,1
detección,1
nacer,1
tomadas,1
seca,1
muerteusando,1
normalmente,1
indica,1
hemos,1
sucumbiría,1
padres,1
sacando,1
pesadilla,1
despierta,1
australiaun,1
westmead,1
pediátrico,1
hospital,1
nancy,1
lapid,1
bebéspornancy,1
precedentes,1
reconstrucción,1
calibración,1
abarca,1
contribución,1
enfatizó,1
galáctico,1
recolección,1
jugado,1
observacionesen,1
compararlos,1
simulaciones,1
biblioteca,1
teórica,1
compilaban,1
combinar,1
supercomputadoras,1
rigurosamente,1
trabajó,1
inferir,1
dichos,1
planteados,1
superar,1
complejas,1
forman,1
interpretación,1
oxidativo,1
sal,1
habilidades,1
identifican,1
colíder,1
argüelles,1
sánchez,1
arreglo,1
incorporar,1
dispositivos,1
configurar,1
comprobar,1
instalar,1
requeridas,1
técnico,1
posibles,1
personal,1
binacional,1
metales,1
consolidar,1
permitieron,1
realizadas,1
einsteinlas,1
albert,1
relatividad,1
teoría,1
desviaciones,1
asa,1
talla,1
suma,1
huevosen,1
experimentar,1
tóxicos,1
agregaentre,1
ciclo,1
simulado,1
desempeñaba,1
sorpresa,1
ceniza,1
celulares,1
membranas,1
flexibilidad,1
involucrado,1
hicagoestá,1
yan,1
z,1
bióloga,1
explica,1
dietética,1
perspectiva,1
tierrala,1
hembrasabemos,1
proveyó,1
basadas,1
críticas,1
bioquímicas,1
elevados,1
genéticos,1
aumentan,1
llegar,1
criatura,1
extrae,1
envejecimiento,1
ojos,1
pituitario,1
pulpoeste,1
programada,1
reuterseste,1
calamaren,1
apreciado,1
reutersla,1
llevado,1
dar,1
ciertoha,1
permanecieron,1
recuerdan,1
síntomas,1
vidalos,1
peligro,1
repetitivas,1
autolesiones,1
incluidas,1
restringido,1
forzó,1
gramos,1
estudiosos,1
cambiar,1
biología,1
intrigado,1
enviar,1
conduce,1
automutilación,1
acto,1
aparearsetras,1
suicidan,1
razón,1
ideal,1
creen,1
espacial,1
futuros,1
lunarla,1
bhattacharya,1
sharmila,1
mejoramos,1
optimizamos,1
pudieran,1
partida,1
invernaderos,1
buen,1
retoñó,1
científicosel,1
solamente,1
planeando,1
suárezun,1
inicios,1
corta,1
tomando,1
vaga,1
tomado,1
marinasha,1
presionando,1
esperado,1
ocurrió,1
plantearon,1
solicitado,1
fascinado,1
sombría,1
morirála,1
suárezlos,1
padre,1
muerta,1
transcurso,1
madre,1
huevo,1
sale,1
joven,1
tentáculosuando,1
huérfanos,1
condenados,1
trabajar,1
vive,1
tomaron,1
jugó,1
secuenciaron,1
jueves,1
onaytla,1
onaytrevelaron,1
alterando,1
mezcla,1
nutrientes,1
ajustando,1
internacionales,1
mexicanos,1
lácteainvestigadores,1
artificialunos,1
kilogramos,1
traídos,1
regreso,1
tripulaciones,1
revelar,1
colaboración,1
roedores,1
iniciales,1
conozcan,1
emocionada,1
agregówang,1
muestran,1
polvo,1
multiplicidad,1
llevó,1
simultánea,1
distintas,1
vecina,1
evento,1
mundialla,1
astrónomas,1
astrónomos,1
tranquilidad,1
irya,1
radioastronomía,1
propicias,1
crecimiento,1
difundió,1
científicosuna,1
enorme,1
partes,1
radiotelescopiosla,1
geológicamente,1
flujos,1
ollaboration,1
telescope,1
horizon,1
event,1
horizonte,1
excavar,1
producida,1
modificado,1
explicar,1
esteroides,1
independientes,1
marinasahora,1
desencadenan,1
colesterolestas,1
secreta,1
realmente,1
apareadasdespués,1
apareadas,1
secretadas,1
regresar,1
directamente,1
analizado,1
tarde,1
marinastras,1
acumulación,1
colesteroltras,1
controlan,1
genes,1
lunaeste,1
altos,1
notaron,1
acercaba,1
declivea,1
ópticas,1
glándulas,1
arn,1
simplemente,1
letal,1
procesos,1
pasan,1
hicagotal,1
ragsdale,1
lifton,1
neurobiólogo,1
morir,1
espolvoreadas,1
justo,1
locos,1
volverse,1
parecen,1
progresión,1
sorprendente,1
houston,1
tentáculoslo,1
tentáculosdespués,1
programadadespués,1
abajo,1
mirar,1
esperan,1
autodestrucciónen,1
secuencia,1
previamente,1
cuarentena,1
humanossi,1
autónomo,1
controla,1
funciones,1
estructurados,1
estricta,1
cumplen,1
digital,1
generados,1
utilizan,1
inmediatamente,1
produce,1
garantizar,1
hechos,1
justificación,1
documentar,1
aconseja,1
toma,1
respaldar,1
existente,1
artemisa,1
variables,1
validar,1
definir,1
seleccionar,1
bases,1
photolas,1
electrónicala,1
expertosguía,1
agregaron,1
idoneidad,1
justifica,1
mencionarlos,1
demostraciones,1
enfoques,1
estandarizados,1
médodos,1
ehrsusando,1
sanitarios,1
capturar,1
onesource,1
específicas,1
explorando,1
utilidad,1
destinados,1
respaldan,1
incluyendo,1
iniciativas,1
fármacosotras,1
considerables,1
verificados,1
cuidado,1
expansión,1
fisiológicos,1
remota,1
hardware,1
software,1
aplicaciones,1
″,1
planea,1
documentos,1
rwela,1
ocurren,1
existen,1
prueba,1
generalización,1
elegibilidad,1
estrictos,1
criterios,1
confirma,1
conceptualización,1
dinneresta,1
dinnerla,1
confianza,1
rob,1
grado,1
requiere,1
corregir,1
sostienen,1
reales,1
representan,1
control,1
diferencias,1
afrontar,1
reciban,1
asignan,1
profesor,1
significados,1
devolver,1
basada,1
continuamos,1
menudo,1
lunaartemisa,1
analizan,1
secundarios,1
fuente,1
requerirá,1
externamente,1
éticas,1
factible,1
principalmente,1
terapia,1
claros,1
comprensión,1
inferencias,1
causales,1
pertinentes,1
conceptuales,1
distinciones,1
estudioestas,1
administró,1
interés,1
ventajas,1
correctamente,1
automatizar,1
externos,1
fortaleza,1
facilitar,1
entrarse,1
pública,1
promover,1
proteger,1
obligación,1
cumplir,1
probatorios,1
mantiene,1
científicola,1
rigor,1
clínicas,1
informar,1
presenta,1
conducta,1
crear,1
enfermedad,1
notificación,1
diagnóstico,1
involucrados,1
pandémicas,1
informado,1
robusto,1
photoademás,1
pandemiala,1
aumentando,1
distinción,1
reguladores,1
adquirir,1
frenaron,1
buzz,1
trabajan,1
construida,1
pasó,1
aldrin,1
caminantes,1
guerrieroun,1
guerrierobase,1
lunares,1
todas,1
germinaronplantas,1
sufrió,1
experiencia,1
blanco,1
jonesplantas,1
instalaron,1
funcionanlos,1
intenta,1
joneseste,1
misterio,1
concluyeron,1
ayudará,1
rigurosos,1
incluida,1
acelerado,1
trazabilidad,1
procedencia,1
ilustran,1
reciben,1
órganos,1
rechazo,1
inmunosupresores,1
combinación,1
prograf,1
tacrolimus,1
evaluación,1
drogas,1
entro,1
planteamos,1
act,1
basó,1
ures,1
entury,1
anterior,1
llamar,1
basados,1
biológicos,1
dinneraunque,1
dinnerlos,1
clínicainvestigacioneslos,1
atención,1
brecha,1
trasplantes,1
intervencionista,1
integridad,1
recopilan,1
precisión,1
ej,1
p,1
confiabilidad,1
generales,1
clínicaslos,1

